RIGOL:DG8:CSV DATA FILE,
TYPE:Arb,
AMP:4.0 Vpp,
PERIOD:50.0 S,
DOTS:5000,
MODE:INSERT,
Sample Rate:100.0,
AWG N:0,
x,y[V]
,-0.1194
,-0.1146
,0.1966
,0.6506
,0.8246
,0.4074
,0.4278
,0.4789
,0.0749
,-0.3688
,-0.2657
,-0.0887
,-0.3136
,-0.4732
,-0.4376
,0.5604
,0.3114
,-0.9449
,0.2547
,0.5619
,-0.4341
,-0.2971
,0.0037
,0.2768
,-0.7316
,-0.4413
,1.0428
,-0.2542
,-0.7884
,0.1991
,0.2205
,-0.0988
,-0.1314
,-0.0791
,-0.6968
,-0.5237
,-0.5111
,-0.5688
,0.9366
,0.637
,0.094
,0.3683
,-0.7502
,-0.5998
,0.5727
,0.9532
,0.5337
,0.3637
,0.3399
,-0.9815
,-0.6574
,0.5916
,0.259
,0.3526
,0.2284
,-0.5953
,-0.4013
,0.8577
,0.7743
,-0.0699
,0.4695
,0.2801
,-0.0314
,-0.3689
,-0.5869
,0.6321
,-0.5875
,-1.3021
,-0.2961
,-1.2741
,-0.0191
,0.5603
,-1.1852
,0.0783
,0.6056
,-0.0146
,0.9587
,0.8895
,0.215
,0.1678
,0.2525
,0.5855
,0.4479
,-0.2379
,-0.3854
,-0.0066
,0.2731
,-0.3078
,-0.6485
,0.3708
,0.2438
,0.0586
,0.9326
,0.3324
,-0.101
,-0.4249
,-0.5175
,0.6681
,0.0413
,-0.5153
,-0.0318
,-0.3935
,-0.1351
,-0.0503
,-0.2759
,-0.6517
,-0.8005
,0.4705
,0.7854
,-0.0089
,-0.3653
,0.1759
,0.7808
,-0.2804
,-0.5891
,0.3936
,0.3751
,-0.3856
,-0.9136
,-0.4014
,-0.2468
,-0.5313
,-0.0249
,0.1964
,0.5541
,0.6717
,0.3152
,0.2809
,-0.6505
,-0.5616
,0.4546
,-0.6263
,-0.531
,0.4528
,-0.8143
,-0.5733
,0.3647
,-0.5075
,-0.393
,0.238
,0.5994
,0.3884
,-0.049
,0.6574
,0.2578
,0.2737
,0.8442
,-0.466
,0.0507
,1.054
,0.5213
,0.3443
,-0.4388
,-0.3775
,-0.0871
,-0.7845
,-0.3953
,0.2667
,0.4943
,0.4197
,0.1145
,-0.1446
,0.0272
,0.6076
,0.091
,-0.3866
,-0.038
,0.3876
,0.7868
,0.5823
,0.4254
,-0.3094
,-0.4545
,0.3536
,-0.4929
,-0.6516
,-0.6866
,-0.9181
,0.7789
,0.6777
,-0.1298
,-0.1926
,-1.2589
,-0.6435
,0.8784
,0.5284
,-0.6094
,-0.2853
,0.1417
,-0.4948
,0.1881
,-0.0277
,-0.8643
,-0.0692
,-0.3421
,-0.0246
,0.7164
,0.4505
,1.0435
,0.4043
,-0.2176
,0.2674
,-0.4376
,-0.215
,-0.0172
,-0.7288
,0.4414
,0.8923
,-0.5554
,-0.5599
,0.1486
,-0.106
,-0.0156
,0.1708
,-0.6572
,-0.3804
,0.6708
,-0.3093
,-0.4749
,0.4961
,-0.2541
,-0.0406
,0.6377
,0.1692
,0.1513
,-0.0443
,0.1005
,-0.0728
,-0.1995
,0.9023
,0.0083
,-0.8977
,-0.055
,-0.2893
,-0.4608
,-0.4651
,-0.4838
,0.5005
,0.5754
,-0.6157
,-0.6597
,-0.1868
,-0.4859
,0.2932
,0.5801
,0.0699
,0.8004
,0.5913
,0.5907
,0.5996
,-0.296
,0.2591
,0.1316
,0.0747
,0.3677
,-0.4864
,-0.2212
,0.2031
,0.2266
,-0.3081
,-0.0987
,0.662
,-0.4153
,0.5878
,0.798
,-0.4443
,0.9037
,-0.1595
,-0.6395
,0.541
,-0.1919
,-0.0652
,-0.2577
,0.4176
,0.8355
,-0.0637
,0.2898
,-0.7633
,-0.23
,0.9494
,-0.2131
,0.2016
,-0.4368
,-1.3001
,-0.036
,0.2201
,-0.5265
,-0.763
,0.0236
,-0.7483
,-1.4888
,0.0782
,0.066
,-0.6835
,-0.7422
,-0.6648
,-0.0791
,0.082
,0.4247
,0.6629
,-0.0228
,-0.4583
,0.0433
,-0.2681
,-0.661
,1.0173
,1.2359
,0.4467
,0.5866
,-0.276
,-0.5267
,-0.3004
,0.5735
,0.9434
,-0.5866
,0.4653
,1.6349
,0.2975
,-0.3318
,0.0232
,0.4101
,-0.4202
,-0.3926
,0.3487
,-0.0728
,0.1135
,-0.1579
,-0.093
,0.0713
,-0.6723
,-0.2424
,-0.4391
,-0.2062
,0.526
,-0.3817
,-0.3301
,-0.1085
,-0.1978
,0.2385
,0.209
,0.3537
,0.5685
,0.7952
,0.6096
,0.2979
,0.2432
,-0.6287
,-0.7535
,0.0615
,0.465
,0.2262
,-0.075
,0.7133
,0.2494
,-0.8655
,-0.2291
,-0.7505
,-1.0184
,0.3615
,-0.1675
,-0.2653
,0.8463
,0.0939
,0.0224
,0.3216
,-0.6524
,-0.3644
,0.3447
,0.5289
,0.0903
,-0.7175
,-0.2874
,-0.1143
,-0.115
,0.0736
,-0.4374
,-0.5772
,-0.2674
,0.4227
,-0.1539
,-0.418
,1.2
,0.377
,-0.2909
,0.4294
,0.1593
,1.0635
,0.2577
,-1.1434
,0.1624
,0.3732
,-0.1081
,0.0462
,-0.2161
,-0.4664
,-0.4292
,0.1534
,0.4751
,-0.2708
,-0.5741
,0.5135
,0.8061
,-0.1988
,-0.9265
,-0.7432
,-0.141
,-0.5383
,0.3824
,1.4997
,-0.0076
,-0.344
,-0.4688
,-0.4318
,0.4217
,-0.509
,-0.059
,0.2307
,-0.1868
,0.2138
,-0.5626
,0.78
,0.9341
,-0.7031
,0.3931
,0.2551
,0.1816
,0.3871
,-0.2635
,0.3984
,0.2337
,0.3766
,0.2371
,-0.2847
,0.3492
,-0.241
,0.0777
,0.2259
,-0.6321
,0.2718
,-0.0844
,-0.713
,0.2121
,0.2378
,-0.5009
,-0.6329
,0.1637
,0.3038
,-0.1207
,0.028
,0.1895
,0.2652
,0.0713
,-0.24
,-0.363
,-0.1258
,0.076
,-0.0461
,0.0066
,-0.1912
,-0.2415
,-0.6161
,-0.9257
,0.2006
,0.2993
,0.0745
,0.8053
,0.2819
,-0.0442
,0.5866
,0.4457
,-0.1683
,-0.2529
,-0.0477
,0.1282
,0.6157
,0.2902
,-0.571
,-0.3767
,-0.0231
,0.1261
,0.4365
,0.1138
,-0.586
,-0.4436
,-0.2243
,-0.3416
,0.0157
,0.0164
,0.3167
,0.4982
,-0.9261
,-1.112
,0.3322
,0.9217
,0.5845
,-0.1396
,-0.6881
,-0.242
,0.625
,0.0249
,0.0456
,1.1852
,-0.1546
,-0.7145
,0.415
,-0.4683
,-0.5237
,0.8159
,0.9276
,0.4509
,-0.0443
,-0.2094
,-0.0109
,-0.3566
,-0.8887
,-0.741
,-0.4168
,-0.0272
,0.3798
,0.7306
,0.8822
,-0.436
,-0.7898
,0.6541
,0.2966
,-0.3081
,0.0913
,-0.2083
,-0.6184
,-0.3654
,0.3274
,0.0403
,-0.2638
,0.671
,0.7516
,-0.0835
,-0.6689
,-0.7785
,-0.3388
,-0.0641
,-0.0924
,0.1304
,-0.1372
,-0.319
,1.0832
,0.7466
,-0.4298
,0.8214
,0.3598
,-0.552
,-0.2359
,-0.6554
,0.3355
,0.8154
,0.3941
,0.2892
,-0.2831
,-0.3167
,-0.9028
,-0.1561
,0.4698
,-0.7965
,-0.0916
,-0.445
,-0.4957
,0.9966
,0.0066
,0.2086
,0.6351
,-0.1556
,-0.0376
,0.04
,0.7636
,0.4548
,0.2617
,0.9977
,0.0422
,-0.2658
,-0.124
,0.1252
,0.3422
,-0.777
,-0.6251
,-0.547
,-0.9306
,-0.0322
,0.0776
,-0.1432
,0.0752
,0.3828
,0.4133
,-0.359
,-0.6412
,0.1823
,0.8916
,0.117
,-0.3807
,-0.3011
,-1.2519
,-0.3945
,0.7844
,-0.1223
,0.0601
,0.2099
,-0.5092
,-0.1375
,0.3054
,-0.0142
,-0.4602
,-0.2408
,0.3591
,0.8818
,0.592
,-0.3433
,0.0507
,-0.0441
,-0.5728
,0.4385
,0.153
,-0.169
,0.3831
,-0.3643
,-0.4206
,-0.1643
,0.16
,0.4893
,-0.4566
,-0.0845
,0.33
,-0.0097
,0.5538
,-0.069
,-0.4546
,-0.0545
,0.0443
,0.6572
,0.4029
,0.5107
,0.5888
,-1.1216
,-0.8771
,0.9887
,0.5289
,-0.6492
,0.0582
,0.8423
,0.5508
,0.2169
,-0.3655
,-0.6066
,-0.1391
,0.4017
,0.0533
,-1.0176
,-0.5809
,-0.0648
,-0.2683
,-0.1742
,-0.5361
,0.3396
,0.9791
,-0.1074
,-0.3094
,0.0973
,0.6927
,0.7872
,0.082
,-0.4923
,-0.4173
,0.6549
,0.1208
,-0.8974
,-0.2088
,0.1991
,0.3739
,-0.2005
,-0.2425
,0.6131
,-0.2082
,-0.4794
,-0.1253
,-0.2804
,0.0494
,-0.029
,-0.0425
,-0.0999
,-0.5035
,-0.2302
,0.2426
,-0.1641
,-0.8837
,-0.5019
,-0.0753
,0.2848
,0.7013
,0.0608
,-0.0544
,-0.0835
,-0.4882
,0.044
,0.5318
,0.6521
,0.0944
,-0.334
,0.3006
,0.1913
,-0.2126
,0.4145
,0.8828
,0.4573
,-0.1364
,-0.3938
,0.3185
,0.7757
,-0.229
,-0.0773
,0.1802
,-0.1545
,0.608
,-0.3637
,-1.0558
,-0.0245
,0.0167
,0.1432
,-0.5462
,-0.8833
,0.0407
,-0.257
,-0.4083
,0.1486
,0.6322
,0.2808
,0.2408
,0.9578
,-0.0498
,-0.2899
,0.2397
,0.1812
,0.6497
,-0.2246
,-0.2966
,-0.11
,-1.114
,0.066
,0.4062
,-0.731
,-0.2164
,0.4757
,0.6049
,0.2263
,-0.3969
,-0.3816
,0.2629
,0.2334
,-0.3747
,-0.0056
,0.4425
,0.0786
,-0.4646
,-0.0334
,0.1016
,-0.4214
,0.7074
,0.2456
,-0.6449
,0.6152
,-0.195
,0.0332
,0.7454
,-1.1058
,-0.6072
,-0.211
,-0.7599
,0.4584
,0.3981
,0.0913
,0.143
,-0.5571
,-0.5145
,-0.4881
,-0.3141
,0.3569
,0.2939
,0.4368
,0.3476
,-0.4725
,0.3851
,1.2268
,0.0461
,-0.2487
,0.2472
,0.049
,0.0182
,0.0575
,0.227
,0.8966
,1.0955
,-0.032
,-0.9464
,-0.5378
,-0.0962
,-0.4034
,-0.6124
,0.3852
,0.1038
,-1.1941
,0.0441
,0.0674
,-1.0588
,0.1104
,0.0894
,-0.603
,0.0492
,0.8963
,0.9126
,-0.5805
,-0.7555
,0.3723
,0.4881
,0.4419
,-0.1144
,-0.6096
,0.1863
,0.495
,-0.0653
,0.5931
,1.046
,0.0879
,0.4197
,0.6235
,-0.2194
,-0.1402
,-0.1232
,0.1237
,0.0563
,-0.3895
,0.034
,-0.348
,-0.4224
,0.1147
,-0.1806
,-0.2947
,-0.4828
,-0.3279
,-0.2641
,-0.8149
,-0.3281
,0.2222
,0.0608
,-0.0188
,0.1362
,0.393
,0.3472
,0.1339
,-0.1347
,-0.3711
,-0.5332
,0.1145
,0.8411
,-0.267
,-0.3188
,0.8638
,-0.1256
,-0.6791
,0.1129
,-0.0252
,-0.0708
,-0.0495
,-0.7042
,-0.9163
,-0.5993
,0.2337
,1.4209
,0.9233
,-0.2733
,-0.2633
,-0.1556
,0.6214
,1.0829
,0.0145
,-0.1627
,0.2
,0.4454
,0.867
,0.387
,-0.4578
,-0.5919
,0.2311
,0.1502
,-0.7693
,-0.1176
,0.3589
,0.3694
,0.5682
,-0.2588
,-0.3819
,-0.2272
,-0.5041
,0.2773
,0.2315
,-0.3737
,0.3507
,0.2269
,-0.6072
,-0.1044
,0.0768
,-0.4756
,-0.4121
,-0.3867
,-0.4178
,-0.5058
,-0.4949
,0.1293
,0.3873
,0.5331
,0.3551
,-0.0094
,0.5318
,0.4288
,0.0831
,-0.2127
,-1.1154
,-0.7813
,-0.0348
,0.3461
,0.7147
,0.5757
,0.3514
,-0.1756
,-0.0595
,-0.0429
,-0.5554
,0.437
,0.3915
,-0.181
,0.6805
,-0.0706
,-0.8566
,-0.1575
,-0.2421
,-0.5214
,0.134
,0.6489
,0.1303
,0.0568
,0.2458
,-0.0087
,0.9159
,1.1701
,-0.2931
,-0.5367
,-0.013
,-0.3991
,-0.4853
,0.2198
,0.2763
,-0.5369
,-0.6557
,-0.1291
,-0.6454
,-0.7143
,0.5345
,0.2256
,-0.3703
,0.0663
,-0.0224
,0.1036
,-0.1214
,-0.0462
,0.3843
,-0.2346
,0.0788
,-0.0442
,-0.2732
,0.7621
,0.0258
,-0.1612
,0.9642
,0.6035
,-0.0684
,-0.0553
,-0.0523
,-0.9804
,-0.4444
,0.7044
,-0.5579
,-0.1545
,1.2931
,0.5959
,-0.2644
,-0.4446
,0.4279
,1.0826
,0.614
,0.1019
,0.1345
,0.3992
,-0.4692
,-0.6431
,0.0482
,-0.3518
,-0.377
,-0.2366
,-0.1342
,0.0349
,-0.4582
,-0.4294
,0.162
,0.4057
,-0.1378
,-0.447
,0.2221
,0.4598
,-0.3365
,-1.252
,-0.7648
,-0.409
,-0.8909
,-0.1801
,0.3716
,0.3826
,0.143
,0.2965
,1.2081
,0.0847
,-0.4817
,0.3791
,-0.3985
,-0.1219
,1.0647
,0.5673
,-0.4289
,-0.2758
,0.2121
,-0.2151
,-0.1814
,-0.0653
,-0.3486
,-0.1691
,0.0887
,0.1114
,-0.4187
,0.0544
,0.6642
,0.0114
,-0.064
,-0.284
,-0.0503
,0.01
,-0.5809
,0.9753
,1.7119
,0.7953
,0.0697
,-0.6905
,-0.0111
,0.1132
,-0.7062
,-0.2546
,-0.0018
,-0.4343
,0.0122
,0.4695
,-0.3975
,-0.0543
,0.2477
,-0.2561
,1.1818
,0.7386
,0.0947
,0.5068
,-1.2311
,-0.1406
,0.6226
,-0.9403
,-0.0114
,-0.4863
,-1.0225
,0.191
,0.4458
,0.6576
,0.1246
,-0.288
,-0.1228
,-0.0792
,-0.2288
,-0.9526
,-0.1504
,0.4209
,-0.2546
,0.3281
,0.6581
,0.1546
,-0.0613
,0.1179
,-0.124
,-0.3207
,0.5456
,0.2748
,-0.4214
,-0.0656
,-0.1574
,-0.4115
,-0.2132
,0.0173
,-0.6439
,-0.5727
,0.4442
,-0.3326
,-0.4508
,0.4839
,0.0554
,-0.5174
,-0.4064
,0.5798
,0.7512
,0.1156
,0.1751
,0.3549
,0.9558
,-0.1949
,-1.1144
,0.7787
,0.4219
,-0.5462
,-0.2217
,-0.564
,0.4484
,0.3861
,-0.6633
,0.3538
,0.6119
,-0.0371
,0.0714
,0.0795
,-0.5241
,-0.2772
,0.9976
,0.2773
,-0.3448
,1.2296
,0.9628
,-0.3124
,-0.0166
,-0.1846
,-1.0685
,-0.848
,0.617
,1.1675
,-0.1285
,-0.6395
,0.0889
,0.066
,-0.2373
,-0.2857
,-0.1689
,0.0076
,-0.1734
,-0.0651
,-0.1663
,-0.1139
,0.5527
,-0.2324
,-0.9814
,-0.1342
,0.8335
,0.9941
,-0.0763
,-0.797
,-0.8599
,-0.4871
,-0.1823
,-0.7647
,0.3779
,0.638
,-0.7179
,0.0207
,-0.2681
,-0.2988
,0.352
,-0.263
,1.1757
,1.1153
,-0.4614
,-0.0986
,-0.5835
,-0.789
,-0.1389
,0.4979
,0.5486
,-0.1459
,0.3909
,0.5152
,0.4915
,0.6233
,-0.2094
,-0.0536
,-0.0464
,-0.1249
,0.4362
,0.3335
,-0.2567
,-0.7269
,0.0292
,-0.2929
,-0.7961
,0.3529
,-0.4675
,-0.3004
,1.0791
,0.1796
,0.0491
,0.3365
,0.0694
,-0.0292
,0.0311
,0.712
,0.7322
,0.2288
,-0.5156
,-0.9299
,-0.3229
,-0.0093
,0.2166
,0.2167
,-0.3077
,-0.7338
,-0.2771
,0.5247
,0.0746
,0.2564
,0.6727
,0.2832
,0.1594
,-1.0723
,-0.6414
,0.9133
,-0.2308
,-0.2088
,0.4475
,-0.2547
,0.1443
,-0.3442
,-0.9714
,0.2597
,-0.1822
,-0.9963
,-0.0971
,-0.4523
,-0.4889
,0.4756
,0.3566
,0.6108
,0.2669
,-0.5222
,-0.1607
,0.03
,0.1925
,0.0153
,0.3574
,0.9702
,-0.2373
,-0.6899
,-0.0206
,0.1697
,0.3825
,0.59
,0.7033
,0.2311
,-0.015
,-0.0187
,-0.2531
,-0.217
,-0.2375
,-0.0286
,-0.2479
,0.0918
,0.4753
,-0.1398
,0.7079
,-0.0996
,-0.8746
,0.5774
,-0.8249
,-0.5329
,0.8355
,-0.6199
,-0.2259
,-0.1284
,-0.2856
,0.5871
,-0.1732
,-0.3471
,0.1686
,0.5653
,0.732
,0.0465
,0.0258
,0.7657
,0.7187
,-0.7175
,-0.8538
,-0.0649
,-0.5113
,0.1203
,0.4072
,-0.335
,-0.2097
,-0.177
,-0.0066
,-0.3451
,-0.4137
,0.5855
,0.1835
,-0.5353
,0.2525
,0.8169
,-0.002
,-0.1986
,-0.0109
,-0.3488
,0.7648
,0.8463
,-0.0801
,0.3681
,-0.0476
,-0.2445
,-0.0853
,0.1494
,0.3815
,-0.944
,-0.0553
,0.8704
,-0.6515
,-0.5329
,-0.5817
,-0.2639
,0.4209
,-0.7657
,-0.735
,-0.4065
,-0.295
,0.2934
,0.172
,0.4819
,0.1229
,-0.2404
,-0.2833
,-0.8256
,0.4274
,0.6969
,-0.1274
,0.37
,-0.1121
,0.1097
,0.2653
,-0.7896
,0.2355
,0.9717
,0.4088
,0.0945
,-0.3253
,-0.1387
,-0.5683
,-0.3382
,0.8291
,-0.5004
,-0.9002
,0.2757
,-0.3941
,0.2619
,1.2777
,0.3461
,0.493
,0.5916
,-0.0158
,0.1276
,0.1517
,0.1555
,-0.5925
,-1.0709
,-0.0346
,0.459
,0.9481
,0.8351
,0.033
,0.504
,-0.0012
,-0.5609
,0.2647
,0.0551
,-0.3645
,0.0355
,0.6471
,0.3302
,-0.5349
,-0.3328
,-0.0844
,-0.1371
,-0.6816
,-0.8366
,0.1491
,-0.2961
,-0.962
,-0.5922
,-0.2705
,0.2115
,0.2661
,0.4515
,0.0184
,-0.6085
,0.0947
,0.1317
,0.1556
,0.2507
,0.0298
,0.462
,0.1099
,0.1226
,0.1927
,-0.475
,-0.3036
,-0.4074
,-0.1024
,0.1204
,-0.4929
,0.1816
,0.6396
,0.0736
,-0.3694
,-0.1108
,0.4134
,0.1251
,0.2855
,-0.2439
,-1.4242
,-0.4892
,0.4084
,0.2322
,0.1514
,0.1015
,0.4719
,0.1692
,-0.4641
,-0.0856
,-0.0063
,-0.279
,-0.104
,0.1955
,0.6826
,0.4394
,-0.0136
,0.6552
,0.5057
,0.1682
,0.9322
,0.8432
,0.0613
,-0.933
,-0.8358
,0.3934
,0.0575
,-0.411
,-0.5274
,-0.5261
,0.5847
,0.5943
,-0.0215
,-0.1809
,-0.3093
,0.0668
,0.0063
,0.0501
,0.2327
,-0.2573
,-0.4299
,-0.1468
,0.1031
,-0.0347
,0.1078
,0.2643
,-0.0613
,0.0552
,0.3775
,0.7875
,-0.2375
,-1.3506
,-0.344
,-0.7118
,-0.5336
,0.8482
,-0.1236
,-0.2272
,0.392
,0.4942
,0.9258
,0.061
,-0.5544
,-0.1825
,0.3235
,-0.017
,-0.7223
,0.2781
,0.4127
,0.1587
,0.4468
,-0.596
,-0.497
,-0.1937
,-0.4218
,-0.28
,-0.8391
,0.2653
,1.0234
,-0.059
,-0.0644
,-0.2371
,-0.1167
,0.4013
,0.1616
,0.0232
,-0.4416
,-0.1622
,0.6747
,0.3932
,-0.8854
,-1.5226
,-0.0967
,0.0525
,-0.4085
,0.9153
,0.4002
,-0.1667
,0.4728
,0.2943
,0.4302
,-0.5221
,-0.3651
,1.3836
,0.3243
,0.0813
,0.9151
,-0.2468
,-0.2382
,-0.1653
,-0.6815
,0.2946
,0.3913
,0.1632
,0.7682
,0.167
,-0.3771
,-0.1317
,-0.4756
,-0.4234
,0.3693
,0.4435
,-0.2213
,-0.5442
,-0.2951
,0.258
,0.1281
,-0.5014
,0.3288
,0.5091
,-0.429
,0.5778
,0.213
,-1.2874
,-0.157
,0.2314
,-0.246
,-0.0367
,-0.2308
,-0.0903
,-0.0937
,0.2073
,0.3266
,-0.1802
,0.5348
,0.2286
,-0.5408
,0.1151
,-0.4188
,-0.6113
,0.3813
,0.0381
,-0.6313
,-0.291
,0.3403
,0.4038
,0.173
,-0.0519
,-0.0534
,0.3274
,-0.3437
,-0.6987
,0.5094
,0.3823
,0.0457
,0.463
,-0.3579
,-0.0531
,0.561
,-0.3717
,0.1718
,0.5761
,-0.0608
,0.1802
,-0.1824
,-0.0215
,0.6831
,-0.0732
,-0.4532
,0.0331
,-0.0193
,-0.4468
,-0.0957
,0.4071
,0.0417
,-0.1622
,-0.1922
,0.0128
,-0.1209
,-0.5873
,0.447
,1.0114
,-0.0964
,-0.9772
,-0.3472
,0.4069
,-0.3282
,0.2103
,0.3469
,-0.4046
,0.953
,0.302
,-0.4499
,0.4738
,-0.2495
,-0.1516
,-0.7852
,-1.1865
,0.2779
,-0.162
,0.0846
,0.2297
,-0.8718
,-0.0405
,0.177
,-0.5275
,-0.2209
,0.2505
,0.1193
,0.2504
,0.8898
,0.1732
,-0.227
,0.2647
,0.1624
,0.3446
,0.1068
,0.043
,0.0853
,-0.172
,0.6841
,0.3931
,-0.6373
,-0.2351
,-0.0721
,-0.244
,0.0125
,0.2597
,-0.0025
,-0.0581
,0.6125
,0.5764
,-0.156
,-0.3765
,0.1294
,0.5471
,0.1572
,-0.1069
,-0.0745
,-0.5421
,-0.2762
,0.7829
,0.572
,0.1089
,-0.1794
,-0.9965
,-0.4168
,0.3145
,0.0664
,-0.3617
,-0.8106
,0.4791
,0.6959
,-0.5965
,-0.2067
,-0.5377
,-0.1335
,0.7114
,-0.4392
,0.2098
,0.5077
,-0.7474
,0.0119
,0.7127
,0.3472
,0.0101
,0.205
,0.3751
,-0.8803
,-1.2925
,-0.442
,-0.3783
,-0.0711
,0.2928
,0.2181
,0.4069
,-0.1611
,-0.0665
,1.032
,-0.073
,-0.9872
,0.1199
,0.4271
,0.504
,0.7834
,0.6866
,0.3421
,-0.2197
,-0.2606
,-0.7108
,-0.6408
,0.2694
,-0.6268
,-1.1371
,-0.3326
,-0.0903
,0.5737
,0.4737
,-0.3067
,0.0138
,0.0108
,-0.0184
,-0.0321
,-0.4698
,0.359
,0.5838
,-0.229
,0.162
,0.4105
,0.1124
,-0.4963
,-0.6011
,0.1557
,-0.1877
,0.1195
,0.6487
,0.1961
,0.6853
,0.6251
,0.7502
,0.5986
,-0.4423
,0.3366
,-0.043
,-0.6676
,0.3716
,0.4621
,0.7079
,0.2466
,-0.1658
,0.1153
,-0.7347
,-0.642
,-0.3897
,-0.3154
,-0.2784
,-0.7363
,0.3251
,0.6541
,0.4375
,0.7037
,-0.1774
,-0.0517
,0.2301
,-0.4577
,-0.4974
,-0.2016
,-0.3461
,-0.4412
,0.37
,-0.0068
,-0.462
,0.1378
,-0.7664
,-0.7069
,-0.4113
,-0.5262
,0.918
,0.3397
,-0.3538
,-0.1379
,-0.8189
,0.3444
,0.3698
,-0.2911
,1.0245
,0.2549
,-0.3655
,0.4233
,-0.5027
,-0.3944
,0.5878
,-0.1704
,-0.5875
,0.1734
,0.4493
,0.0081
,0.0301
,0.4244
,0.528
,0.2216
,-0.7924
,-0.4063
,0.7122
,-0.2209
,-0.1959
,0.3108
,-0.3301
,0.206
,-0.0952
,-0.206
,0.9175
,-0.1535
,-0.5085
,1.2072
,0.5905
,-1.358
,-0.1706
,1.1638
,-0.3746
,-0.0185
,0.9601
,0.1814
,0.0638
,-0.4746
,-0.171
,0.562
,0.1373
,0.1947
,-0.3023
,-0.1958
,0.3543
,-0.1303
,-0.5706
,-0.9678
,-0.1276
,-0.164
,-0.8358
,0.3098
,0.0862
,-0.3153
,-0.4978
,-0.7761
,0.644
,0.4489
,0.1321
,0.5761
,-0.3565
,0.03
,0.7519
,0.6239
,-0.116
,-1.0019
,0.0669
,0.578
,-0.0141
,-0.0223
,-0.317
,0.3771
,1.241
,0.3183
,-0.2494
,0.4576
,0.3374
,-0.5164
,-0.0588
,0.8003
,0.2448
,-0.8
,-0.9623
,-0.8766
,-0.9941
,-0.2026
,0.3835
,-0.0933
,0.1327
,0.1641
,-0.1138
,0.8454
,0.4855
,-0.8503
,-0.1492
,0.1168
,-0.5542
,-0.2756
,-0.0382
,0.4528
,0.3364
,-0.5318
,0.0149
,0.6131
,0.4294
,-0.3265
,-0.8944
,0.0126
,-0.016
,-0.5809
,-0.0441
,-0.0073
,0.0253
,0.1331
,-0.1615
,-0.3473
,-0.2169
,0.2723
,0.3201
,0.4436
,0.4559
,0.1951
,0.4477
,-0.1466
,-0.1917
,0.5157
,-0.0341
,-0.1552
,-0.5878
,-0.5141
,1.3627
,0.75
,-0.7454
,-0.2251
,-0.1791
,-0.1831
,0.1779
,0.2414
,0.3302
,-0.0777
,-0.2321
,0.0884
,0.0856
,0.0839
,0.1137
,0.3897
,0.6474
,0.3516
,0.3245
,0.4011
,-0.0853
,-0.3521
,-0.1679
,-0.4764
,-0.9625
,-0.6435
,-0.2409
,0.1197
,0.7195
,0.5969
,0.2012
,-0.1352
,-0.5456
,-0.341
,-0.1745
,0.1366
,0.6128
,-0.1945
,-0.5798
,0.431
,0.3934
,-0.293
,0.0428
,0.2134
,-0.1417
,-0.1586
,-0.4611
,-0.5543
,0.1419
,0.0906
,-0.23
,0.3951
,0.7026
,-0.0719
,-0.8653
,-0.5568
,0.0821
,-0.0797
,-0.2772
,-0.0833
,0.0673
,-0.239
,-0.7685
,-0.3205
,0.2136
,-0.181
,-0.0615
,0.5105
,0.4637
,-0.4355
,-1.0028
,0.2921
,0.8854
,-0.1297
,0.3283
,1.0174
,0.4229
,0.3926
,0.8676
,0.6427
,-0.0282
,-0.0617
,-0.022
,-0.4726
,-0.313
,-0.3113
,-0.4865
,0.0549
,-0.0708
,0.0998
,0.8327
,-0.4193
,-1.2101
,0.1848
,0.4044
,0.2422
,0.9687
,0.3787
,-0.1834
,0.1633
,0.0511
,0.1762
,-0.2176
,-0.995
,-0.6098
,-0.0595
,0.0183
,-0.6719
,-0.5385
,0.7411
,-0.0999
,-0.402
,0.6371
,0.0733
,0.4959
,0.2362
,-0.7727
,0.5135
,0.2178
,-0.1816
,0.3735
,-0.5431
,0.3281
,0.8738
,-0.2538
,-0.5431
,-0.6998
,0.376
,0.4766
,-0.6302
,-0.0822
,-0.0233
,0.0756
,0.2035
,-0.2536
,0.1664
,0.1323
,0.1417
,0.3754
,0.4257
,0.6566
,0.1157
,-0.4736
,-0.8042
,-0.3555
,-0.1546
,-0.4902
,0.392
,-0.2295
,-0.2727
,0.5633
,-1.0291
,-0.3537
,0.3989
,-0.2136
,0.791
,-0.2377
,-0.5357
,0.4427
,0.0811
,0.5915
,-0.0075
,-0.0993
,1.0218
,0.0127
,-0.8149
,-0.5063
,-0.103
,-0.0413
,-0.0985
,0.3436
,0.4896
,0.3732
,-0.1165
,-0.1182
,0.0292
,-0.0384
,0.7303
,-0.1795
,-0.5797
,0.3895
,-0.5912
,0.0631
,0.2727
,-1.439
,-0.4851
,0.0541
,0.1252
,0.5364
,-0.8113
,-0.6308
,0.3162
,-0.0743
,0.0805
,0.4266
,-0.0467
,-0.1868
,1.0747
,1.4348
,0.9518
,0.6487
,-0.9109
,-0.364
,0.7545
,-0.7654
,-0.1834
,0.3846
,-0.4296
,0.4039
,0.2673
,0.3385
,0.4201
,-0.9331
,-0.2585
,0.3452
,-0.4339
,-0.7377
,-1.1686
,-0.6106
,0.2352
,0.0116
,-0.0206
,0.1509
,-0.0907
,0.1069
,0.8146
,0.4225
,-0.0288
,-0.1129
,-0.4952
,0.2484
,0.0615
,-0.6313
,0.2978
,0.1914
,-0.057
,0.3194
,0.3265
,0.6732
,0.5132
,0.3065
,-0.0941
,-0.4568
,0.3345
,0.4467
,-0.2417
,-0.799
,-0.3818
,0.4158
,-0.3328
,-0.547
,0.2262
,0.3339
,0.3326
,0.3632
,0.1906
,-0.2152
,0.0003
,0.3367
,-0.1115
,-0.2815
,-0.2623
,-0.3714
,-0.8241
,-0.7918
,-0.105
,-0.4283
,-0.676
,-0.7766
,-0.3487
,0.8742
,0.2704
,-0.162
,0.2196
,-0.0894
,0.4024
,0.6431
,0.2144
,-0.1766
,-0.0687
,0.1462
,-0.7241
,-0.1904
,0.5989
,-0.1102
,0.4369
,0.3674
,-0.4887
,0.2856
,0.5971
,0.5482
,1.0179
,0.3184
,-0.3641
,-0.1387
,-0.6222
,-0.8031
,-0.2669
,-0.1948
,-0.2935
,-0.1315
,1.2253
,1.3732
,-0.4713
,-0.0196
,0.6973
,-0.1156
,-0.0385
,-0.0065
,-0.2873
,-0.2812
,0.0587
,-0.1452
,-0.3999
,0.6708
,0.3565
,-0.1882
,0.8784
,0.5919
,-0.3663
,-0.5329
,-0.4851
,-0.6667
,-0.1935
,0.8809
,0.5422
,-0.0557
,-0.6088
,-0.5761
,0.3174
,-0.6625
,-0.717
,0.463
,0.1432
,0.195
,-0.0178
,-0.3096
,0.1774
,0.1873
,-0.2635
,-0.5206
,-0.0907
,-0.205
,-0.0338
,0.0913
,-0.6494
,0.3522
,0.1811
,-0.4993
,0.5351
,-0.3293
,-0.0604
,0.5999
,-0.7985
,-0.3513
,0.019
,-0.1868
,0.4036
,0.2995
,0.0942
,-0.148
,-0.1621
,-0.0345
,0.3295
,0.6197
,-0.255
,0.1244
,0.6249
,-0.4218
,-0.1556
,-0.0407
,-0.5797
,0.1178
,0.1449
,0.1793
,1.022
,0.1989
,-0.4809
,0.0226
,-0.4364
,-0.4022
,-0.0236
,0.1084
,0.7276
,0.0311
,-0.2573
,0.2285
,-0.1908
,0.6763
,0.6461
,-0.8945
,-0.1587
,1.0663
,0.7927
,-0.0646
,-0.5978
,0.0073
,0.9053
,0.3543
,-0.751
,-0.4416
,-0.4674
,-0.4967
,0.7558
,0.0811
,-0.6635
,0.1937
,-0.342
,-0.1498
,0.3836
,-0.4915
,0.0308
,0.4618
,0.1321
,0.1859
,-0.5978
,-0.2736
,0.519
,0.0813
,-0.2119
,-0.5788
,0.2961
,0.5303
,-0.7446
,-0.0789
,-0.4523
,-0.504
,0.9121
,-0.4973
,-0.4078
,0.5244
,-0.5576
,-0.1723
,0.1003
,0.1257
,0.0499
,-0.2514
,0.5218
,-0.2106
,-0.655
,0.4625
,0.7127
,0.263
,-0.642
,-0.544
,-0.111
,-0.0758
,0.4406
,0.0702
,-0.2084
,-0.0653
,-0.2125
,0.0008
,0.2842
,0.4875
,0.1332
,0.3544
,0.9392
,0.2591
,-0.4915
,-0.8475
,-0.1629
,0.6583
,0.3057
,0.0733
,-0.0725
,0.4343
,0.3182
,-0.98
,-0.3006
,0.8833
,0.4396
,-0.2102
,0.1828
,0.5372
,-0.126
,0.0183
,0.0414
,-0.5709
,-0.2931
,-0.4896
,-0.4946
,0.4954
,0.4396
,-0.412
,0.0227
,0.8527
,0.1604
,-0.5078
,-0.6408
,-0.7473
,-0.0634
,0.358
,0.1437
,-0.0991
,-0.2483
,-0.2175
,-0.1834
,-0.1745
,-0.4055
,-0.6743
,-0.678
,0.4004
,1.1791
,0.1203
,0.306
,0.773
,0.2407
,0.618
,-0.0067
,-0.4043
,0.2233
,0.0122
,-0.0858
,-0.5675
,-0.4597
,0.0245
,-0.7659
,-0.5472
,0.6507
,1.1193
,0.2921
,-0.4497
,0.4992
,0.3709
,-0.7693
,-0.3221
,0.05
,0.0199
,0.2903
,-0.5273
,-0.559
,0.4823
,-0.1244
,0.1843
,1.0795
,0.3179
,0.2144
,-0.1627
,-0.2442
,0.4197
,-0.2647
,-0.3484
,-0.117
,-0.0036
,0.1822
,-0.119
,0.516
,0.1539
,-0.5467
,-0.0452
,-0.5157
,-0.6092
,-0.4384
,-0.8475
,-0.2327
,0.4216
,-0.0303
,-0.1167
,0.6943
,0.6663
,-0.0747
,-0.6185
,-0.0289
,0.6147
,-0.3609
,0.4149
,0.7691
,-0.2057
,1.187
,0.6246
,-0.1178
,0.3385
,-0.8946
,-0.0952
,0.1699
,-0.4687
,0.0612
,-0.5533
,-0.36
,-0.5255
,-0.5998
,0.6439
,0.441
,0.0128
,-0.0337
,0.5527
,0.8976
,0.4456
,0.2788
,-0.7427
,-0.9505
,-0.9157
,-0.7689
,0.1933
,-0.4968
,-0.1093
,0.2058
,-0.3908
,0.7606
,0.6107
,0.6653
,0.7761
,-0.5027
,-0.2574
,0.0292
,0.5753
,0.7714
,-0.4803
,-0.7129
,-0.6757
,-0.4866
,-0.2411
,-0.3777
,0.0502
,0.4912
,0.4421
,-0.3608
,-0.3192
,0.3485
,-0.3732
,-0.7897
,-0.1841
,0.6249
,0.5192
,-0.1943
,0.4026
,0.586
,-0.1386
,0.0297
,0.2219
,0.1696
,0.8313
,0.8877
,-0.2869
,-0.4148
,-0.0548
,-0.2482
,0.4042
,0.8299
,0.2326
,-0.2225
,-0.15
,-0.3259
,-0.1859
,0.7427
,-0.5327
,-1.9
,-0.2691
,0.5236
,0.2434
,0.0999
,-0.4862
,-0.1253
,0.5555
,0.6119
,0.2429
,-0.3803
,-0.613
,-0.3572
,-0.1483
,-0.1902
,0.2608
,0.231
,-0.3022
,0.3523
,0.1699
,-0.4794
,0.4555
,0.2096
,-0.9879
,-0.4496
,0.1461
,-0.222
,0.2164
,0.8258
,0.1594
,-0.3076
,0.0217
,-0.0533
,-0.3218
,-0.1464
,0.1551
,-0.1252
,-0.6527
,-0.3066
,0.566
,0.8095
,0.1195
,-0.4788
,-0.2447
,-0.3432
,-0.2032
,0.5706
,0.0377
,-0.0348
,0.7064
,0.0682
,-0.034
,0.1211
,-0.1399
,0.5688
,0.6361
,0.068
,0.0255
,0.1475
,0.1008
,-0.1996
,-0.2111
,-0.122
,-0.0183
,-0.1724
,-0.0592
,0.2952
,-0.5317
,-0.319
,0.1718
,-0.2238
,0.506
,-0.2556
,-0.9726
,0.0317
,0.1146
,0.285
,-0.2732
,-0.1805
,0.9548
,0.0336
,0.0957
,0.7558
,-0.1134
,0.0327
,0.5262
,-0.1719
,-0.5519
,0.0828
,-0.3613
,-0.6058
,0.4174
,-0.1385
,-0.1759
,0.7496
,0.228
,-0.0349
,-0.0573
,-0.2358
,-0.1385
,-0.3066
,-0.2648
,-0.1784
,-0.41
,-0.1411
,0.1445
,-0.2166
,0.1683
,0.1736
,-0.3696
,0.2879
,-0.0762
,-0.374
,0.0518
,-0.2843
,0.2214
,-0.1182
,-0.1377
,0.8449
,0.3289
,0.2089
,0.0027
,-0.0433
,-0.0326
,-0.1765
,0.701
,0.0429
,0.552
,0.4555
,-1.4386
,0.4162
,0.4237
,-0.0537
,0.9005
,-1.34
,-0.4747
,0.576
,-0.905
,0.1046
,-0.0642
,-0.9551
,-0.4673
,0.4968
,0.6984
,-0.1412
,0.7095
,0.4583
,-0.7228
,0.0779
,0.2374
,-0.1276
,-0.1702
,0.3751
,0.8434
,-0.1819
,-0.7369
,-0.1739
,0.0804
,-0.3264
,-0.1171
,0.3083
,-0.0828
,0.0048
,0.0011
,-0.0686
,-0.0887
,-0.5088
,-0.3998
,-0.4886
,-0.0449
,0.1969
,-0.0757
,0.8825
,0.4126
,-0.0799
,0.4819
,-0.1085
,0.3182
,0.3638
,-0.008
,0.7002
,0.088
,-0.0341
,0.2678
,-0.4269
,-0.2242
,-0.2864
,-0.4007
,0.654
,0.8873
,0.1049
,-0.0684
,-0.0566
,-0.8256
,-0.5362
,0.8383
,0.1762
,-0.9529
,-0.0428
,0.4428
,-0.2946
,-0.0646
,0.2097
,-0.5488
,0.216
,0.7994
,-0.7203
,-0.1331
,0.1623
,-1.4759
,-0.3888
,0.3086
,0.1159
,0.5823
,-0.6442
,-0.3208
,0.2422
,-0.6885
,-0.0456
,0.3004
,0.2986
,0.1956
,-0.0093
,0.0767
,-0.3393
,1.1936
,1.1843
,-0.8366
,0.243
,0.2627
,-0.86
,-0.1799
,0.3054
,0.0256
,-0.6239
,0.2417
,0.5283
,-0.6222
,-0.174
,0.1671
,0.6915
,0.5866
,-0.7404
,0.035
,0.0425
,-0.5904
,0.1835
,-0.5491
,-0.2619
,1.1273
,0.1087
,-0.4841
,-0.2543
,-0.7047
,-0.3723
,0.0302
,0.2722
,0.4107
,0.1925
,0.7424
,0.6089
,0.0058
,-0.0554
,-0.4056
,0.1799
,0.3409
,-0.1211
,0.1419
,-0.1811
,-0.017
,-0.0522
,-0.405
,-0.2567
,-0.9954
,-0.2291
,0.9001
,0.3767
,0.5762
,0.4757
,-0.3508
,-0.6496
,-0.2089
,0.0765
,0.4151
,1.3343
,0.2917
,-0.3512
,0.3254
,-0.59
,-0.1107
,1.1444
,0.9482
,0.1371
,-0.7586
,-0.5208
,-0.8555
,-0.5367
,0.816
,-0.0621
,-0.2297
,0.0708
,-0.7011
,0.2477
,0.635
,-0.3334
,-0.4372
,-0.7821
,-0.8921
,-0.0186
,0.2352
,-0.0608
,-0.4008
,-0.4421
,0.2657
,0.0167
,-0.6336
,-0.0888
,0.2527
,0.0233
,-0.3754
,-0.2677
,0.2022
,0.1159
,0.0116
,-0.0802
,0.5675
,0.7907
,-0.1725
,-0.0139
,0.0047
,-0.1034
,-0.1762
,-0.6914
,0.6605
,0.8485
,-0.3602
,0.1897
,0.2332
,-0.1585
,-0.6058
,-0.6827
,0.5767
,0.5837
,0.1792
,0.5453
,0.293
,0.6179
,0.8404
,0.0286
,0.2081
,0.0915
,-0.5885
,0.3908
,0.5706
,0.3522
,0.731
,-0.5825
,-0.5494
,-0.0481
,-1.0401
,-0.4052
,-0.0894
,-0.4229
,-0.436
,-0.3543
,0.889
,0.5035
,-0.4902
,-0.1305
,-0.229
,0.0074
,-0.104
,-0.0527
,1.1637
,0.8629
,-0.3249
,-0.2551
,-0.0912
,-0.2568
,0.3887
,0.1985
,-0.9897
,-0.7785
,-0.1956
,-0.3168
,-0.7961
,-0.1973
,0.6018
,-0.2841
,0.5502
,0.8068
,-0.8096
,0.6229
,0.9612
,-0.6053
,-0.3029
,-0.1955
,-0.2604
,-0.3359
,-0.4161
,-0.1538
,-0.2133
,-0.2181
,-0.3604
,0.1761
,0.4475
,0.0185
,0.3302
,-0.18
,-0.304
,0.4382
,0.2924
,0.4907
,0.1901
,-0.4081
,0.1735
,0.3301
,-0.2911
,-0.2899
,0.5314
,0.5012
,-0.1885
,0.1246
,0.5643
,0.242
,-0.3351
,-0.0363
,0.3833
,-0.2701
,0.0274
,0.6732
,-0.0634
,-0.6464
,-0.5314
,0.1578
,0.3962
,-0.0208
,0.2278
,-0.1931
,-0.2171
,0.6638
,-0.4831
,-1.0211
,-0.0124
,0.0395
,0.3865
,0.3619
,-0.0142
,0.0893
,-0.1827
,0.4918
,0.6067
,-0.55
,-0.345
,0.148
,-0.3041
,-0.8152
,-0.5287
,-0.1506
,0.1476
,0.8889
,0.0115
,-0.6999
,0.2827
,0.46
,0.7161
,0.3319
,-0.3888
,0.5757
,0.5463
,-0.1224
,0.0553
,-0.1669
,-0.2686
,0.0475
,-0.122
,-0.698
,-0.5681
,-0.497
,-0.394
,0.6
,-0.0274
,-1.3808
,-1.0268
,0.1857
,1.1252
,0.463
,0.0558
,0.4931
,-0.2477
,-0.4458
,-0.0945
,-0.151
,0.269
,0.4841
,-0.0705
,-0.6104
,-0.0486
,0.4415
,0.16
,0.0677
,-0.2615
,0.2401
,1.0306
,0.4747
,-0.1799
,-0.4729
,0.0903
,0.0623
,-0.7733
,0.3558
,0.4689
,-0.6854
,0.2298
,0.8321
,0.4719
,0.0526
,-0.2142
,0.3781
,0.1065
,-0.6122
,-0.3269
,0.0232
,0.173
,0.3041
,0.5243
,0.0725
,-0.609
,-0.0197
,0.1915
,0.017
,0.6063
,0.0953
,-0.4513
,0.1838
,-0.0512
,-0.1958
,-0.1014
,-0.7797
,0.0441
,0.5874
,-0.2435
,0.1693
,-0.6855
,-1.5062
,-0.0294
,-0.1976
,-0.287
,0.4029
,-0.259
,0.0519
,0.134
,-0.4395
,-0.3017
,-0.7496
,-0.3436
,0.7309
,0.1852
,-0.6993
,-0.25
,0.5748
,0.5466
,0.3758
,0.5838
,0.8618
,0.1878
,-0.5355
,0.7147
,0.8609
,-0.2125
,0.355
,0.2416
,-0.2683
,-0.3976
,-1.1673
,-0.4248
,0.6852
,0.0892
,0.2624
,0.8778
,-0.3516
,-0.6934
,0.3528
,0.0261
,0.3496
,0.781
,-0.2405
,-0.2372
,0.0111
,0.1437
,0.0123
,-0.5507
,0.3225
,0.4068
,0.2778
,1.105
,-0.1399
,-1.0499
,-0.3417
,-0.3839
,-0.8118
,-0.6462
,0.5358
,0.6368
,-0.4276
,-0.3466
,-0.4881
,-0.6361
,0.3683
,0.9864
,0.771
,0.0316
,-0.4888
,-0.3148
,-0.1354
,0.1412
,0.3375
,0.1593
,-0.0496
,-0.1677
,0.2971
,0.4588
,-0.1491
,0.0503
,-0.241
,-1.248
,-0.6081
,0.1641
,0.254
,0.2328
,-0.4671
,-0.1638
,0.2701
,-0.7705
,-0.9732
,-0.4308
,0.1115
,0.7068
,0.6822
,1.1338
,0.6197
,-0.6715
,0.251
,0.3845
,-0.2995
,0.2441
,-0.5304
,-0.7298
,0.1386
,0.1376
,0.2881
,-0.1806
,0.0518
,0.6045
,-0.3073
,-0.0368
,0.3555
,0.0103
,-0.073
,-0.5217
,0.2288
,0.8004
,-0.0441
,-0.0041
,0.2598
,-0.2269
,-0.2768
,0.3411
,0.238
,-0.258
,0.0994
,0.4848
,0.147
,-0.2537
,0.2513
,0.2
,-0.3004
,0.229
,-0.1761
,-0.1306
,0.4425
,-0.2467
,-0.0894
,-0.6104
,-0.581
,1.0571
,0.2892
,-0.6266
,-0.2132
,0.0214
,-0.1109
,-0.4425
,0.32
,0.3649
,-0.1947
,0.0143
,0.0125
,0.1652
,-0.0689
,-0.0202
,-0.2714
,-0.7352
,0.566
,0.3414
,-0.4175
,0.3976
,0.3265
,0.2982
,0.0466
,-0.4289
,-0.4182
,-0.412
,0.294
,0.2885
,0.1847
,0.2424
,-0.6651
,-0.2207
,0.0403
,-0.7903
,-0.1488
,0.2356
,-0.148
,0.0186
,-0.2699
,-0.0759
,0.7353
,-0.1318
,-0.6018
,0.405
,-0.1097
,-0.6818
,0.0503
,0.1482
,0.0737
,0.2296
,-0.1515
,-0.0592
,0.7804
,0.3083
,-0.7865
,-0.8396
,-0.3351
,0.7455
,0.6196
,-0.0245
,0.692
,0.1595
,-0.567
,-0.1223
,0.169
,0.0984
,-0.489
,0.1531
,0.3602
,-0.1865
,0.9663
,0.3982
,-0.4339
,0.6455
,0.4273
,0.1416
,0.1485
,-0.1535
,0.0841
,-0.0526
,-0.0092
,0.6142
,0.4087
,-0.4085
,-0.2585
,-0.2481
,-0.6364
,0.2086
,0.3411
,-0.091
,0.2299
,-0.0372
,-0.5283
,-0.6739
,-0.0661
,-0.0182
,-0.5202
,0.2668
,0.1985
,0.1535
,0.7996
,0.3778
,0.4128
,0.2201
,-0.0084
,-0.3908
,-1.0119
,0.2324
,-0.0499
,-0.5415
,0.7451
,-0.3781
,-0.8972
,-0.0935
,-0.5678
,-0.8436
,-1.2988
,-0.4742
,0.814
,0.4198
,0.32
,-0.2089
,-0.3095
,0.6593
,-0.3038
,-1.0477
,-0.1722
,-0.2231
,-0.0399
,0.6179
,-0.0788
,-0.0187
,1.0377
,0.6655
,0.4293
,0.6526
,0.2782
,0.5446
,0.5529
,-0.1542
,-0.1255
,0.0638
,-0.383
,-0.3587
,0.3232
,0.0912
,-0.213
,-0.1279
,-0.3185
,0.4566
,0.5524
,-0.1698
,0.2232
,0.0618
,-0.309
,-0.3394
,-0.1769
,0.1765
,-0.529
,-0.4486
,-0.1352
,-0.3355
,0.4513
,-0.1382
,-0.277
,1.2385
,0.9949
,0.2534
,0.0899
,0.1013
,-0.2119
,-0.5279
,0.2564
,0.027
,-0.28
,0.0809
,-0.6679
,-0.6103
,-0.1356
,-0.006
,0.163
,-0.4385
,-0.2589
,-0.0156
,-0.0636
,0.7039
,0.1754
,-0.0383
,1.0325
,0.2407
,-0.8028
,-0.5811
,-0.098
,0.5413
,-0.1314
,-0.7738
,0.0737
,0.1593
,0.0259
,0.0182
,0.1928
,1.1593
,0.3714
,-0.3621
,0.1987
,-0.7535
,-0.7166
,0.3511
,0.0566
,0.0259
,0.1129
,-0.0503
,-0.2253
,-0.4132
,-0.0746
,-0.4502
,-0.8052
,0.1504
,0.4466
,0.4115
,0.4178
,-0.624
,-0.3848
,0.3875
,-0.0799
,0.3607
,0.392
,0.3024
,0.7366
,-0.5404
,-0.3122
,0.8759
,0.1791
,0.0294
,0.1574
,0.3618
,0.322
,-0.5468
,-0.7632
,-0.5794
,-0.0398
,-0.1941
,-0.6275
,-0.1377
,-0.0711
,0.3011
,0.0815
,-0.5012
,0.1267
,0.1313
,-0.0022
,-0.0914
,-0.1677
,0.2572
,0.2014
,-0.0815
,-0.2003
,0.7275
,0.41
,-0.8612
,0.2706
,0.1182
,-0.4396
,0.0422
,-0.9199
,-0.1728
,1.0112
,0.4649
,0.0243
,0.0329
,0.8172
,0.7
,-0.222
,-0.1784
,0.1968
,-0.3044
,-0.6876
,0.1436
,-0.1299
,-0.071
,0.5971
,-0.1186
,0.2608
,0.3033
,0.2355
,0.8126
,0.219
,0.3534
,-0.1128
,-0.5164
,-0.3048
,-0.3331
,0.677
,-0.8256
,-0.8923
,1.5499
,0.2273
,-0.0675
,0.8108
,0.1641
,-0.0514
,-0.6167
,-0.4846
,-0.4494
,-0.7145
,-0.2656
,-0.1183
,-0.3597
,-0.7011
,0.0095
,-0.305
,-1.0005
,-0.0106
,-0.2684
,-0.1001
,0.4339
,-0.1343
,-0.0984
,-0.0117
,0.7834
,0.7781
,-0.0604
,-0.1267
,-0.7161
,-0.5368
,-0.1564
,-0.0718
,0.0111
,-0.3498
,-0.1596
,-0.1778
,0.4525
,0.1845
,-0.569
,0.905
,0.363
,-0.1675
,1.0447
,0.878
,0.8031
,0.1995
,0.0805
,-0.0135
,-0.5783
,0.4437
,0.1107
,-0.2331
,-0.1899
,-0.7176
,0.2298
,0.137
,0.2737
,0.325
,-0.3792
,1.1725
,0.5658
,-1.0739
,-0.2391
,-0.1913
,-0.2043
,0.4182
,0.6283
,-0.0678
,-0.6555
,0.2073
,0.083
,-0.4271
,0.2741
,0.2349
,0.1276
,0.8139
,0.3769
,-0.5124
,0.0439
,0.2599
,-0.4074
,-0.4897
,-0.2705
,0.1483
,0.0907
,-0.365
,-0.237
,-0.1103
,-0.1444
,-0.2014
,-0.1989
,-0.0669
,0.0115
,-0.2797
,-0.3633
,0.4678
,0.1989
,-0.9916
,-1.0027
,-0.2533
,-0.1951
,-1.2585
,-0.3419
,1.1145
,0.2735
,0.5669
,0.2649
,-0.8092
,0.3041
,0.1999
,-0.3878
,0.488
,0.4234
,-0.1683
,0.5885
,0.91
,-0.7002
,-0.68
,0.4303
,0.1331
,0.2968
,0.3446
,0.2106
,0.3996
,0.1159
,-0.2798
,-0.0085
,0.8771
,-0.0785
,-0.9251
,0.0034
,0.6292
,1.6036
,0.7654
,-0.0103
,0.5838
,-0.8645
,-0.4285
,0.0853
,-1.015
,-0.0641
,0.157
,0.3605
,0.041
,-1.0445
,-0.1124
,-0.3747
,-0.6152
,0.1991
,-0.14
,-0.2934
,0.2031
,0.8549
,-0.2352
,-0.9479
,-0.124
,-0.6983
,-0.0811
,0.6665
,-0.0602
,0.1143
,0.0253
,-0.3328
,-0.7134
,-0.0957
,0.7949
,-0.3318
,-0.4465
,0.4721
,0.7859
,0.1906
,-1.0772
,-0.2142
,0.454
,-0.0445
,0.5985
,0.5275
,0.2037
,0.6053
,0.4429
,-0.2103
,0.0011
,0.6022
,-0.0422
,0.0376
,0.5002
,0.1255
,0.6729
,0.2653
,-0.8271
,-0.606
,-0.5349
,-0.3865
,-0.1206
,-0.3024
,-0.4537
,-0.1293
,0.5307
,-0.0145
,-0.2571
,1.0243
,0.3631
,-0.8577
,0.13
,-0.1765
,-0.8533
,0.247
,-0.166
,-0.4901
,0.0886
,-0.2276
,0.6144
,0.3417
,-0.5854
,0.5914
,0.3245
,-0.1348
,0.031
,-0.3428
,0.9372
,0.899
,-0.4015
,-0.1764
,-0.6199
,-0.9794
,-0.2223
,0.1421
,-0.6605
,-0.8258
,0.7217
,0.0665
,-1.1952
,-0.123
,-0.0687
,0.2388
,0.9633
,0.2416
,0.5819
,0.2006
,-0.8288
,0.5276
,0.6094
,-0.5852
,0.436
,0.7754
,-0.3637
,-0.1688
,0.417
,0.6231
,0.6804
,-0.0672
,-0.4418
,-0.2113
,0.0378
,0.1927
,-0.4981
,-0.3454
,0.4739
,0.2752
,0.3402
,-0.1061
,-0.5149
,0.1865
,0.0013
,-0.2764
,-0.1056
,0.2543
,0.4284
,-0.2714
,0.0531
,0.0667
,-0.4961
,0.0159
,-0.36
,-0.2593
,-0.1241
,-0.7332
,0.6488
,0.77
,-0.5755
,-0.2458
,-0.0167
,0.0263
,-0.134
,-0.6588
,-0.3668
,-0.081
,0.054
,0.5392
,0.3255
,-0.4508
,-0.0746
,0.2025
,-0.0902
,0.4641
,-0.0553
,-0.3079
,0.3164
,-0.4029
,0.3668
,1.041
,0.1967
,0.6234
,0.221
,-0.3746
,-0.3309
,-0.2628
,0.8292
,0.288
,-0.5413
,-0.2284
,-0.6023
,0.1032
,0.1597
,-0.5861
,0.1325
,-0.0096
,0.0334
,0.8275
,0.1861
,-0.4466
,-0.1868
,-0.0945
,-0.5485
,-0.4112
,0.2675
,0.1443
,0.0933
,0.0403
,-0.3944
,-0.5303
,-0.3304
,0.4311
,0.4001
,-0.0435
,0.2017
,-0.391
,-0.5528
,0.1948
,0.5135
,0.4223
,-0.2555
,-0.1578
,0.0126
,0.0445
,0.7678
,-0.3049
,-0.6352
,0.6019
,-0.0604
,-0.3019
,-0.0983
,-0.3371
,0.1395
,-0.1509
,-0.2807
,0.5084
,0.4758
,-0.5294
,-0.6458
,0.3345
,0.3601
,0.5099
,0.876
,0.3352
,0.1109
,-0.2209
,0.0493
,0.2896
,-1.0374
,-0.8893
,0.6836
,0.7983
,0.1836
,0.4322
,0.423
,-0.0332
,0.4389
,-0.1515
,-1.1673
,-0.5808
,-0.1292
,-0.0136
,-0.3299
,-0.2003
,0.3971
,-0.2267
,-0.1639
,0.479
,0.7444
,0.5439
,-0.5377
,-0.6869
,-0.2179
,0.4245
,0.468
,-0.5768
,-0.5827
,-0.4223
,0.1162
,0.447
,-0.3299
,0.1925
,-0.0627
,-0.6655
,0.1793
,0.2151
,0.1498
,0.0547
,-0.0769
,0.029
,0.0232
,0.4017
,-0.1388
,-0.6267
,-0.5348
,-0.6809
,-0.4982
,-0.1989
,0.8959
,0.5046
,-0.8038
,0.4543
,0.9216
,0.2099
,0.3971
,0.7878
,0.6389
,-0.7537
,-0.7084
,0.5789
,0.5055
,0.1075
,0.0374
,0.377
,0.1984
,-0.5558
,-0.9222
,-0.531
,0.512
,0.1834
,-0.0996
,0.221
,-0.6184
,-0.3632
,0.4889
,0.6451
,0.0011
,-1.0695
,-0.194
,0.1502
,-0.4663
,0.3303
,0.2533
,-0.1245
,0.4576
,0.3594
,-0.2496
,-0.2466
,-0.1245
,-0.5636
,-0.4646
,-0.3494
,-0.5014
,0.2468
,0.8013
,0.7648
,0.0952
,-0.4717
,0.3688
,0.5545
,-0.1376
,0.2011
,0.6267
,-0.0011
,-0.3957
,0.2172
,0.4583
,0.0996
,-0.5045
,-0.4359
,0.6673
,0.2788
,-0.2162
,0.8556
,0.6253
,-0.1848
,-0.0935
,-0.1794
,-0.3177
,-0.2853
,-0.073
,0.101
,-0.194
,-0.4488
,-0.4184
,-0.7807
,-0.8089
,0.1712
,0.5255
,0.2425
,-0.2659
,-0.7985
,-0.0197
,0.2236
,0.0024
,0.4036
,-0.5995
,-0.4589
,0.6322
,-0.2607
,-0.0665
,0.3645
,-0.59
,-0.2381
,0.8811
,0.5917
,-0.7538
,-0.1745
,0.4159
,-1.203
,-0.4894
,0.7415
,0.1922
,0.3185
,0.1896
,1.0126
,1.0663
,-0.7722
,-0.6044
,-0.2658
,0.288
,0.8493
,-0.4799
,0.1682
,0.8783
,-0.5182
,-0.5174
,0.2881
,0.4043
,0.1689
,0.1316
,-0.0829
,-0.1096
,0.2789
,-0.2047
,0.0314
,0.344
,-0.0606
,0.5109
,-0.2118
,-1.0792
,0.1939
,0.7133
,-0.1254
,-0.365
,-0.1029
,-0.3693
,-0.0412
,0.0474
,-0.2703
,0.657
,-0.069
,-0.4916
,0.6968
,-0.071
,0.0515
,0.338
,-0.4501
,-0.1236
,-0.5494
,-0.7705
,-0.313
,0.2218
,0.7163
,-0.2839
,-0.8907
,-0.5123
,0.4852
,0.6989
,-0.4237
,0.441
,0.7607
,-0.1375
,0.2075
,-0.2234
,-0.2956
,0.1016
,-0.0934
,-0.2386
,-0.846
,-0.3099
,0.674
,0.0752
,-0.4248
,0.3677
,0.8015
,-0.0108
,-0.1234
,-0.0358
,-0.3515
,-0.0642
,-0.1305
,0.0121
,-0.1002
,-0.2801
,0.9021
,0.6392
,-0.1035
,0.8486
,0.6474
,-0.3997
,-0.3907
,-0.0094
,0.3134
,0.0566
,-0.3912
,0.7298
,1.0704
,-1.1035
,-1.4505
,0.044
,0.2911
,-0.055
,-0.2062
,0.2367
,0.163
,0.0691
,0.5193
,-0.9639
,-1.0375
,0.8119
,-0.063
,-0.4377
,0.1491
,-0.4331
,0.2377
,0.0683
,-0.6414
,0.0798
,-0.6649
,-0.2837
,1.419
,0.2761
,-0.3575
,0.4786
,0.1478
,-0.4163
,-0.1592
,0.6244
,0.1935
,-0.3636
,-0.1877
,-0.7309
,-0.2153
,0.5904
,0.3733
,-0.0548
,-0.3712
,0.9104
,1.0204
,-0.1678
,0.1922
,-0.4646
,-0.4908
,0.591
,-0.352
,-0.568
,0.6197
,0.8157
,0.1718
,0.0526
,0.2706
,-0.451
,-0.9292
,-0.7182
,-0.6239
,-0.3927
,0.1992
,0.8444
,0.227
,-0.6135
,-0.1299
,0.3772
,0.6193
,0.5475
,-0.2493
,-0.5547
,-0.2712
,-0.7279
,-0.6528
,0.252
,-0.3091
,-0.1829
,1.2168
,0.7289
,0.1114
,0.4648
,0.4068
,0.2144
,-0.1921
,-0.571
,-0.3129
,0.4861
,0.4171
,-0.6431
,-0.3147
,0.6196
,0.2116
,-0.0721
,0.1102
,-0.2334
,-0.095
,-0.2348
,-0.7687
,0.1925
,0.0585
,-0.5722
,0.724
,0.591
,-0.1541
,-0.0271
,-0.0897
,0.1124
,-0.5257
,-0.4219
,0.6583
,-0.0506
,-1.234
,-0.8368
,0.3234
,-0.2293
,-0.6176
,0.2666
,-0.2145
,0.0635
,0.664
,0.1508
,0.2624
,0.5522
,1.2834
,0.7605
,-0.4613
,-0.1696
,-0.1224
,0.5081
,0.5797
,-0.218
,-0.0054
,-0.6616
,-0.6029
,0.2258
,-0.1068
,-0.4958
,-0.7286
,0.1574
,0.6884
,-0.1112
,-0.2639
,0.1311
,0.8465
,0.7407
,0.1198
,-0.3816
,-1.0348
,-0.3191
,-0.381
,-0.506
,1.1178
,0.6208
,0.2612
,0.9055
,-0.5456
,-0.3809
,0.4482
,-0.5898
,-0.1841
,0.0362
,-0.3673
,0.6779
,0.1183
,-0.8015
,-0.3103
,-1.0757
,-0.9004
,0.6606
,0.4868
,-0.3214
,-0.0982
,0.7448
,0.7301
,-0.0165
,-0.4852
,-0.5079
,0.2731
,0.5436
,0.5851
,0.4959
,-0.4992
,0.0088
,0.2828
,-0.5848
,-0.2475
,-0.3022
,0.215
,0.9427
,0.0651
,-0.3255
,-0.3827
,0.114
,0.5569
,0.1988
,0.5735
,0.0956
,-0.0416
,0.3991
,-1.0732
,-1.0175
,0.4586
,0.2971
,-0.1016
,-0.2873
,-0.5286
,-0.631
,-0.5166
,0.0507
,0.3332
,0.0172
,0.476
,0.7155
,-0.5394
,-0.0213
,0.3494
,-1.1316
,-0.2253
,-0.1418
,-0.6418
,0.5504
,-0.4021
,0.0157
,0.9615
,-0.1131
,0.3857
,0.1457
,-0.0419
,0.3828
,0.2193
,0.6906
,-0.6455
,-0.4267
,1.0635
,0.0844
,0.214
,0.0484
,0.0975
,0.5018
,-0.7777
,0.2021
,0.6731
,-0.1342
,0.6482
,0.2448
,-0.2259
,-0.4616
,-0.929
,-0.4269
,-0.1969
,0.1139
,0.3553
,0.0728
,-0.2271
,-0.2663
,0.0454
,-0.2384
,-0.4551
,-0.1679
,0.0744
,-0.0803
,-0.66
,-0.2392
,0.308
,-0.1683
,-0.1904
,0.6294
,0.4751
,-0.7594
,-0.3058
,0.8642
,0.6081
,-0.3198
,-0.7428
,0.3144
,0.5802
,0.1036
,0.5946
,0.0245
,-0.2853
,0.4007
,0.0025
,-0.5873
,-0.052
,0.3635
,-0.302
,0.1296
,0.3345
,-0.538
,0.3174
,0.6642
,0.1633
,0.2484
,0.2974
,0.1648
,-0.8703
,-0.2288
,0.397
,-0.862
,0.0363
,0.4143
,-0.163
,0.4671
,-0.185
,-0.348
,0.1405
,-0.3877
,-0.4703
,-0.7293
,-0.9321
,0.2499
,0.5949
,-0.0249
,0.759
,0.4402
,-0.7481
,-0.2735
,-0.4494
,-0.139
,0.6862
,0.1052
,0.171
,0.2367
,0.0424
,0.1245
,-0.0992
,-0.0632
,-0.1145
,0.01
,-0.1355
,-0.5645
,-0.3246
,0.3496
,0.8152
,0.0156
,0.1156
,0.8356
,-0.0523
,-0.0427
,0.3141
,-0.1294
,-0.3331
,-0.037
,0.2132
,-0.703
,-0.6206
,0.1116
,-0.0308
,-0.0397
,-0.2486
,-0.0053
,-0.2073
,0.0743
,0.6227
,-0.5952
,0.3026
,1.0465
,0.2733
,0.802
,-0.325
,-0.8958
,-0.1337
,-0.0487
,0.23
,-0.0986
,0.2869
,0.2175
,-0.231
,0.1832
,-0.2333
,0.6537
,0.8734
,-0.4962
,-0.1193
,0.4101
,0.3435
,-0.3655
,-0.4708
,0.4636
,0.6475
,0.5452
,-0.8707
,-1.2318
,0.283
,-0.0951
,-0.2967
,-0.1396
,-0.5048
,-0.0574
,-0.4439
,-0.127
,0.9257
,-0.4274
,-0.9419
,0.1774
,-0.5276
,-0.3037
,0.6945
,-0.068
,0.0448
,-0.311
,-0.5991
,0.688
,0.0551
,-0.2495
,0.2061
,-0.159
,0.25
,-0.0898
,0.0412
,0.4893
,-0.1129
,-0.0585
,-0.4441
,-0.3657
,0.0397
,-0.4681
,-0.2685
,0.0085
,0.4019
,0.3339
,0.016
,0.6455
,0.1562
,-0.0708
,0.8541
,0.9396
,0.4963
,-0.0729
,0.1892
,0.5322
,-0.1702
,-0.4263
,-0.1833
,0.0725
,0.0954
,-0.5227
,-0.8833
,-0.4066
,-0.0914
,-0.0299
,0.4775
,0.2049
,-0.1539
,0.5052
,-0.0091
,-0.4223
,0.7501
,0.6851
,-0.0666
,0.0914
,-0.1335
,0.1894
,0.988
,0.1304
,-0.4687
,-0.004
,-0.3177
,-0.7821
,-0.6559
,0.0681
,0.0818
,-0.4325
,0.3454
,0.3695
,-0.1345
,-0.2231
,-0.9853
,-0.0163
,1.0175
,0.2877
,0.3594
,-0.1924
,-0.6562
,0.2829
,0.026
,-0.8621
,-1.0268
,-0.2343
,0.3855
,-0.1918
,0.1037
,0.4753
,0.0338
,0.223
,0.1686
,-0.2537
,-0.8854
,-0.8585
,0.0329
,0.0375
,0.5088
,0.015
,-1.1397
,0.4528
,0.6291
,-0.0058
,0.6715
,-0.1222
,-0.0212
,0.0462
,-0.0353
,0.7239
,-0.7666
,-0.9455
,-0.1506
,-0.2317
,1.0061
,0.2326
,-0.2968
,0.7711
,-0.126
,-0.1874
,0.6412
,0.6495
,0.23
,0.3133
,1.133
,-0.1155
,-0.9277
,0.3696
,0.3631
,-0.0188
,0.1684
,0.3868
,0.0633
,-0.5267
,-0.077
,-0.0173
,0.0281
,0.0073
,-0.6302
,0.6046
,0.7869
,-0.6332
,0.2019
,0.2182
,-0.0273
,0.8595
,-0.4995
,-0.3303
,0.957
,-0.4682
,-0.3262
,-0.0304
,-1.036
,-0.6323
,-0.7993
,-0.2937
,0.3059
,-0.4561
,0.2369
,0.0992
,-0.4703
,0.2005
,-0.3417
,-0.3609
,0.2083
,-0.0232
,0.0258
,-0.1319
,-0.386
,-0.1463
,0.2001
,0.1694
,0.2719
,0.2462
,-0.4731
,-0.3134
,0.116
,0.1937
,-0.1028
,-0.8085
,0.0695
,-0.013
,-0.5875
,0.7796
,-0.037
,-0.5979
,0.6356
,0.1965
,0.2113
,0.2065
,-0.0453
,0.5579
,0.7127
,0.9382
,0.4695
,0.4705
,0.8616
,-0.3332
,-0.3124
,0.0404
,-0.3823
,-0.2908
,-0.4267
,0.3892
,0.7518
,-0.0428
,-0.2512
,-0.4577
,-0.234
,-0.0817
,0.3685
,0.4833
,-0.691
,-0.2711
,-0.2012
,-0.1733
,0.9985
,-0.3786
,-0.4732
,0.7384
,-0.5953
,-0.9136
,0.1336
,0.3547
,-0.7388
,-0.6412
,0.3995
,-0.6733
,0.4396
,1.1168
,-1.4267
,-0.5022
,0.4525
,-0.4673
,0.0318
,-0.0701
,0.344
,0.5419
,-0.0046
,0.6457
,0.4622
,0.2022
,0.5355
,-0.1007
,-0.7879
,-0.8975
,-0.1422
,0.3351
,-0.0907
,0.6475
,1.0901
,-0.0815
,-0.1511
,0.0118
,-0.1919
,0.7131
,-0.0027
,-0.8958
,0.0993
,-0.3474
,-0.3752
,0.1401
,-0.4868
,0.437
,0.7199
,0.2856
,0.895
,0.1811
,-0.1032
,0.0418
,-0.7675
,-0.6476
,-0.19
,0.2718
,-0.0328
,-0.8281
,0.184
,0.613
,-0.11
,-0.1551
,-0.5797
,-0.5708
,0.0263
,-0.0362
,-0.4113
,-0.5878
,-0.0116
,-0.1819
,-0.6273
,0.578
,0.3778
,-0.4416
,0.6203
,0.3701
,-0.4016
,0.1513
,0.1812
,0.103
,0.286
,0.1017
,0.185
,0.8355
,0.8058
,-0.0327
,0.1989
,0.6469
,0.0002
,-0.5393
,-0.3967
,0.1492
,-0.0271
,-0.4471
,0.2778
,0.5962
,-0.1242
,-0.6923
,-0.5222
,-0.0162
,0.0535
,0.2376
,0.2227
,-0.0082
,0.3212
,-0.1102
,-0.3011
,0.4149
,-0.3462
,-0.388
,0.8649
,-0.2807
,-0.8183
,0.872
,0.2525
,-0.7055
,0.3186
,-0.2575
,-1.0265
,0.2332
,0.3025
,-0.4221
,0.2379
,0.2694
,-0.345
,-0.0015
,0.2999
,0.2216
,0.1865
,-0.024
,-0.4799
,-0.574
,0.061
,0.0431
,-0.1582
,0.4307
,0.4963
,0.5919
,0.2278
,-0.9739
,-0.3816
,0.4139
,-0.6259
,-0.959
,0.0953
,0.0848
,-0.8097
,-0.0539
,0.5283
,-0.0322
,0.3643
,-0.199
,-0.6088
,0.444
,-0.4355
,-0.476
,1.1482
,0.6709
,0.4918
,0.8275
,0.3455
,0.8963
,0.8283
,-0.036
,0.2115
,0.2738
,0.0936
,0.4978
,0.2838
,-0.7277
,-0.8536
,-0.662
,-0.945
,-0.0539
,0.2221
,-0.8758
,-0.7001
,-0.2312
,0.2264
,0.3745
,-0.1299
,0.4751
,0.1449
,-0.4534
,0.3258
,0.0878
,-0.2792
,-0.8234
,-0.8291
,0.5541
,0.0577
,-0.042
,0.9808
,0.2012
,0.2172
,0.4678
,-0.8015
,-0.6815
,0.4118
,0.0772
,-0.3922
,-0.054
